"CODI","NOM","ADREÇA","X_ETRS89","Y_ETRS89","LATITUD","LONGITUD"
"01-001","01-001. Font d'Emili Vendrell","Plaça Emili Vendrell - Joaquim Costa, 7","430338.261615725","4581431.292295410","41.381390855","2.166877623"
"01-002","01-002. Font del Vell","Plaça de la Mercè","431375.581200040","4581165.204028240","41.379083419","2.179312390"
"01-003","01-003. Font del Geni Català","Pla de Palau - Passeig de Colom, 1","431729.254868593","4581576.131979450","41.382814619","2.183495308"
"01-005","01-005. Font del Doctor Fleming","Jardins del Doctor Fleming - Carme, 43","430563.422121378","4581451.930621060","41.381596202","2.169567803"
"01-006","01-006. Plaça Sant Felip Neri","Plaça Sant Felip Neri","431027.514322100","4581647.007403820","41.383393119","2.175095391"
"01-007","01-007. Monument a l'Almirall Galceran Marquet","Plaça Duc de Medinaceli","431345.870514866","4581081.054124130","41.378322970","2.178966644"
"01-008","01-008. Gerro dels Nens - Parc de la Ciutadella","Parc de la Ciutadella - Hivernacle","431777.759431409","4582166.732516530","41.388138107","2.184008852"
"01-009","01-009. Dama del Paraigües - Parc de la Ciutadella","Parc de la Ciutadella - Zoo","432227.227917862","4581876.248667800","41.385559793","2.189416824"
"01-010","01-010. Gran Llac - Parc de la Ciutadella","Parc de la Ciutadella","432031.160003304","4582190.500633870","41.388373631","2.187036760"
"01-012","01-012. Gran Cascada - Parc de la Ciutadella","Parc de la Ciutadella","431990.610877432","4582313.751129450","41.389480287","2.186537968"
"01-013","01-013. Font de les Tres Gràcies","Plaça Reial","431038.241555457","4581280.686761220","41.380094697","2.175265364"
"01-014","01-014. Monument a Picasso","Passeig Picasso","431841.698230387","4581995.701770600","41.386603102","2.184792778"
"01-015","01-015. Jardins de Rubió i Lluch - Biblioteca Cat","Jardins de Rubió i Lluch - Hospital, 56","430582.701751126","4581399.270394340","41.381123571","2.169804388"
"01-016","01-016. La Cigonya i la Guineu - Parc Ciutadella","Parc de la Ciutadella - Jardins de Fonseré i Mestre","431913.978130973","4581967.931180660","41.386359101","2.185660319"
"01-017","01-017. Monument del Centenari - Parc Ciutadella","Parc de la Ciutadella - Passeig Joaquim Renart","431820.490295569","4582271.752353530","41.389087614","2.184508077"
"01-018","01-018. Parc de les Cascades","Avinguda del Litoral","432603.498890515","4581927.865897350","41.386056308","2.193910970"
"01-019","01-019. Font dels Tres Dragons - Parc de la Ciutad","Parc de la Ciutadella - Museu de Zoologia","431755.699726195","4582210.002749770","41.388525958","2.183740152"
"01-020","01-020. Homenatge a Mari Santpere","Rambla, 8 - Portal de Santa Madrona","431130.869182474","4580949.435550990","41.377119146","2.176410657"
"01-021","01-021. Homenatge a Carmen Amaya","Plaça de Brugada - Sant Carles, 44","432466.893412659","4581234.555867510","41.379800387","2.192354541"
"01-023","01-023. Font de Tusquets - Paral·lel","Avinguda Paral·lel, 28","431081.757000158","4580672.115496910","41.374617199","2.175854925"
"01-024","01-024. Font del Desconsol - Parc de la Ciutadella","Parc de la Ciutadella - Jardins de Forestier","432120.189522558","4582109.159835170","41.387648535","2.188110638"
"02-001","02-001. Gran Via - Passeig de Gràcia","Gran Via - Passeig de Gràcia","430466.638592991","4582323.192685690","41.389435025","2.168310436"
"02-002","02-002. Bessona Llobregat - Plaça Catalunya","Bessona Llobregat - Plaça Catalunya","430559.756923923","4582084.641616310","41.387294516","2.169451459"
"02-003","02-003. Bessona Besòs - Plaça Catalunya","Bessona Besòs - Plaça Catalunya","430592.297171923","4582110.641409530","41.387531496","2.169837642"
"02-004","02-004. Monument a Francesc Macià - Pl Catalunya","Monument a Francesc Macià - Plaça Catalunya","430612.586237393","4581983.551061730","41.386388584","2.170094845"
"02-005","02-005. Plaça Gaudí - Sagrada Família","Plaça Gaudí - Sagrada Família","431078.332140776","4583980.280573300","41.404412534","2.175437564"
"02-006","02-006. Font de Diana","Font de Diana","430704.860744737","4582557.731239000","41.391567997","2.171132696"
"02-007","02-007. Estany del Parc Joan Miró - Dona i Ocell","Estany del Parc de Joan Miró - Dona i Ocell","428659.426186637","4581056.794482980","41.377870779","2.146845718"
"02-008","02-008. Gran Via - Rambla Catalunya","Gran Via - Rambla Catalunya","430357.087622588","4582217.853354810","41.388476790","2.167012339"
"02-009","02-009. Avinguda Gaudí davant l'Hosp de Sant Pau","Avinguda Gaudí davant l'Hospital de Sant Pau","430994.307552667","4584708.582311130","41.410964894","2.174349369"
"02-010","02-010. Llacs de la Biblioteca Joan Miró","Llacs de la Biblioteca Joan Miró","428865.237199002","4581148.363058760","41.378713726","2.149295982"
"02-011","02-011. Font dels Sis Putti - Plaça Catalunya","Font dels Sis Putti - Plaça Catalunya","430671.436840081","4582050.860718760","41.386999895","2.170790952"
"02-013","02-013. Torre de les Aigües","Torre de les Aigües","430604.022081033","4582754.022301700","41.393327233","2.169904154"
"02-014","02-014. Passeig Sant Joan - Provença","Passeig Sant Joan - Provença","430515.367599998","4583497.794103520","41.400018483","2.168758450"
"03-001","03-001. PORTA DE MONTJUIC","Jardins de Walter Benjamin - Porta de Montjuïc","430998.715444245","4580484.165837080","41.372917273","2.174883381"
"03-002","03-002. Font del Mirador","Font del Mirador","430497.489682470","4579827.608624730","41.366960725","2.168965591"
"03-003","03-003. LA BELLESA","La Bellesa","430169.690701086","4580028.631420170","41.368742908","2.165023381"
"03-004","03-004. Estany Inferior - Jard M Cinto Verdaguer","Estany Inferior - Jardins Mossèn Cinto Verdaguer","430172.459470692","4579866.021148580","41.367278566","2.165075210"
"03-005","03-005. Estany Superior - Jard M Cinto Verdaguer","Estany Superior - Jardins Mossèn Cinto Verdaguer","430043.409422575","4579885.742159650","41.367444982","2.163530047"
"03-006","03-006. Circular Gran - Umbracle de Montjuïc","Circular Gran - Umbracle de Montjuïc","429557.819774743","4580030.266072780","41.368704317","2.157707669"
"03-007","03-007. Llac de l'Espanya Industrial","Llac de l'Espanya Industrial","428148.295398918","4581056.818369720","41.377825516","2.140733814"
"03-011","03-011. Piràmide dels Jardins de Can Sabaté","Piràmide dels Jardins de Can Sabaté","427950.782284286","4579368.607263120","41.362602750","2.138572642"
"03-012","03-012. Font de Ceres","Font de Ceres","428471.276776502","4579855.214060680","41.367031863","2.144737667"
"03-014","03-014. Cascada de la Plaça Neptú","Cascada de la Plaça Neptú","429758.029389893","4579939.094410630","41.367900658","2.160111933"
"03-015","03-015. Cascada Exterior dels Jard del Teatre Grec","Cascada Exterior dels Jardins del Teatre Grec","429616.420394519","4580100.055734990","41.369338016","2.158400196"
"03-016","03-016. Circular Brollador - Jard del Teatre Grec","Circular Brollador - Jardins del Teatre Grec","429675.850557566","4580109.515297890","41.369428410","2.159109651"
"03-017","03-017. Circular Plantes - Jardins del Teatre Grec","Circular Plantes - Jardins del Teatre Grec","429646.290457985","4580102.375511550","41.369361521","2.158757056"
"03-018","03-018. Cascada de la Font del Gat - Jard Laribal","Cascada de la Font del Gat - Jardins de Laribal","429587.109505499","4579988.875786350","41.368334090","2.158062663"
"03-019","03-019. Estival - Jardins de Laribal","Estival - Jardins de Laribal","429484.979303021","4579982.856553260","41.368270936","2.156842303"
"03-020","03-020. El Pou de la Glorieta dels Xiprers","El Pou de la Glorieta dels Xiprers - Jardins de Laribal","429534.959032306","4579937.086102810","41.367863073","2.157445175"
"03-021","03-021. Estany del Roserar de la Colla de l'Arrós","Estany del Roserar de la Colla de l'Arrós - Jardins de Laribal","429493.459376160","4579990.776501020","41.368343012","2.156942769"
"03-022","03-022. Circular Petita Carrer - Umbracle","Circular Petita Carrer - Jardins de l'Umbracle de Montjuïc","429564.469583173","4580003.685981250","41.368465500","2.157790261"
"03-023","03-023. Estany Quadrat - Jardins de Laribal","Estany Quadrat - Jardins de Laribal","429571.729303422","4579965.365866980","41.368120998","2.157881509"
"03-024","03-024. Antic Abeurador - Jardins de Laribal","Antic Abeurador - Jardins de Laribal","429564.008838236","4579905.645833531","41.367582443","2.157796141"
"03-025","03-025. Circular Petita Llobregat - Umbracle","Circular Petita Llobregat - Jardins de l'Umbracle de Montjuïc","429542.329969139","4580059.006234820","41.368961815","2.157519134"
"03-026","03-026. Circular Petita Besòs - Umbracle","Circular Petita Besòs - Jardins de l'Umbracle de Montjuïc","429556.500015187","4580062.206132050","41.368991875","2.157688179"
"03-027","03-027. Marinada - Jardins de l'Umbracle","Marinada - Jardins de l'Umbracle de Montjuïc","429548.840021343","4580064.566193910","41.369012461","2.157596322"
"03-028","03-028. Estany dels Quatre Brolladors","Estany dels Quatre Brolladors - Avinguda de l'Estadi","429471.587862640","4579795.806366390","41.366585061","2.156703952"
"03-029","03-029. Estany de la Marató","Estany de la Marató - Agermanament amb Kyonggi-do - Av de l'Estadi","429329.137380229","4579761.057395300","41.366259595","2.155004923"
"03-030","03-030. Font Lluminosa","Font Lluminosa","428940.797414921","4579844.220475100","41.366974431","2.150352376"
"03-031","03-031. Font Quadrada de les Petxines","Font Quadrada de les Petxines","429146.067369543","4579796.688841621","41.366564423","2.152812063"
"03-032","03-032. Estany del Pavelló Alemany","Estany del Pavelló Alemany de Mies van der Rohe","428992.190748253","4580272.990746230","41.370840758","2.150916605"
"03-033","03-033. PL. Estany del Pavelló d'Itàlia","Estany del Pavelló d'Itàlia","429128.311483746","4580342.309818380","41.371477090","2.152536009"
"03-034","03-034. FONT DE LES VIDUES","Font de les Vídues","429283.100549074","4580187.848403730","41.370099521","2.154404756"
"03-035","03-035. Font del Dimoni - Jardins de Laribal","Font del Dimoni - Jardins de Laribal","429569.399405666","4579979.305906190","41.368246348","2.157852034"
"03-036","03-036. Font de Ceràmica Octogonal - Jard Laribal","Font de Ceràmica Octogonal - Jardins de Laribal","429533.959175304","4579956.126139780","41.368034473","2.157431008"
"03-037","03-037. Llac dels Jardins de Can Sabaté (Ronyó)","Llac dels Jardins de Can Sabaté (Ronyó)","427910.113150091","4579491.007761980","41.363701527","2.138071903"
"03-038","03-038. Cascada de les Escales del Generalife","Cascada de les Escales del Generalife - Jardins de Laribal","429678.550254010","4580068.985214910","41.369063604","2.159146630"
"03-039","03-039. Font dels Tres Mars - Eix Mª Cristina","Font dels Tres Mars - Eix Mª Cristina","428848.014087573","4580742.082564930","41.375052976","2.149137724"
"03-040","03-040. Font Màgica - Eix Mª Cristina","Font Màgica - Eix Mª Cristina","429064.171175467","4580314.690263370","41.371222679","2.151772349"
"03-041","03-041. Cascada I - Eix Mª Cristina","Cascada I - Eix Mª Cristina","429043.451388959","4580347.010470680","41.371511950","2.151520832"
"03-042","03-042. Cascada II - Eix Mª Cristina","Cascada II - Eix Mª Cristina","429084.900807588","4580262.030024620","41.370750213","2.152026361"
"03-043","03-043. Cascada III - Eix Mª Cristina","Cascada III - Eix Mª Cristina","429139.290087157","4580156.109447870","41.369801011","2.152689036"
"03-044","03-044. Cascada IV - Eix Mª Cristina","Cascada IV - Eix Mª Cristina","429166.489688314","4580098.059151600","41.369280565","2.153021021"
"03-045","03-045. Llac 1 - Llobregat - Eix Mª Cristina","Llac 1 - Llobregat - Eix Mª Cristina","429005.571596482","4580382.020812590","41.371823936","2.151063824"
"03-046","03-046. Llac 2 - Llobregat - Eix Mª Cristina","Llac 2 - Llobregat - Eix Mª Cristina","429001.811638525","4580388.320850880","41.371880347","2.151018130"
"03-047","03-047. Llac 3 - Llobregat - Eix Mª Cristina","Llac 3 - Llobregat - Eix Mª Cristina","428998.391685646","4580395.220887510","41.371942191","2.150976432"
"03-048","03-048. Llac 4 - Llobregat - Eix Mª Cristina","Llac 4 - Llobregat - Eix Mª Cristina","428989.811810613","4580413.420980780","41.372105357","2.150871714"
"03-049","03-049. Llac 5 - Llobregat - Eix Mª Cristina","Llac 5 - Llobregat - Eix Mª Cristina","428986.061866564","4580421.551021810","41.372178250","2.150825925"
"03-050","03-050. Llac 6 - Llobregat - Eix Mª Cristina","Llac 6 - Llobregat - Eix Mª Cristina","428982.611914094","4580428.511058760","41.372240633","2.150783860"
"03-051","03-051. Llac 7 - Llobregat - Eix Mª Cristina","Llac 7 - Llobregat - Eix Mª Cristina","428974.962013922","4580443.211139570","41.372372356","2.150690671"
"03-052","03-052. Llac 8 - Llobregat - Eix Mª Cristina","Llac 8 - Llobregat - Eix Mª Cristina","428971.552059009","4580449.841175710","41.372431770","2.150649123"
"03-053","03-053. Llac 9 - Llobregat - Eix Mª Cristina","Llac 9 - Llobregat - Eix Mª Cristina","428969.072105070","4580456.411204680","41.372490725","2.150618701"
"03-054","03-054. Llac 10 - Llobregat - Eix Mª Cristina","Llac 10 - Llobregat - Eix Mª Cristina","428964.312158405","4580464.401253180","41.372562269","2.150560852"
"03-055","03-055. Llac 11 - Llobregat - Eix Mª Cristina","Llac 11 - Llobregat - Eix Mª Cristina","428961.012214745","4580472.491290730","41.372634842","2.150520448"
"03-056","03-056. Llac 12 - Llobregat - Eix Mª Cristina","Llac 12 - Llobregat - Eix Mª Cristina","428943.382451281","4580507.221478250","41.372946088","2.150305584"
"03-057","03-057. Llac 13 - Llobregat - Eix Mª Cristina","Llac 13 - Llobregat - Eix Mª Cristina","428940.292510449","4580515.641514710","41.373021652","2.150267652"
"03-058","03-058. Llac 14 - Llobregat - Eix Mª Cristina","Llac 14 - Llobregat - Eix Mª Cristina","428935.572568931","4580524.301563930","41.373099233","2.150210201"
"03-059","03-059. Llac 15 - Llobregat - Eix Mª Cristina","Llac 15 - Llobregat - Eix Mª Cristina","428931.512621597","4580532.061606750","41.373168767","2.150160748"
"03-060","03-060. Llac 16 - Llobregat - Eix Mª Cristina","Llac 16 - Llobregat - Eix Mª Cristina","428929.032667811","4580538.651635750","41.373227902","2.150130323"
"03-061","03-061. Llac 17 - Llobregat - Eix Mª Cristina","Llac 17 - Llobregat - Eix Mª Cristina","428921.702716433","4580546.541703630","41.373298318","2.150041755"
"03-062","03-062. Llac 18 - Llobregat - Eix Mª Cristina","Llac 18 - Llobregat - Eix Mª Cristina","428917.332769456","4580554.411748970","41.373368815","2.149988582"
"03-063","03-063. Llac 19 - Llobregat - Eix Mª Cristina","Llac 19 - Llobregat - Eix Mª Cristina","428913.272828575","4580563.021793100","41.373446004","2.149939028"
"03-064","03-064. Llac 20 - Llobregat - Eix Mª Cristina","Llac 20 - Llobregat - Eix Mª Cristina","428908.562889730","4580572.031842780","41.373526738","2.149881656"
"03-065","03-065. Llac 21 - Llobregat - Eix Mª Cristina","Llac 21 - Llobregat - Eix Mª Cristina","428904.672943188","4580579.861884420","41.373596917","2.149834226"
"03-066","03-066. Llac 22 - Llobregat - Eix Mª Cristina","Llac 22 - Llobregat - Eix Mª Cristina","428900.592999163","4580588.061928060","41.373670412","2.149784481"
"03-067","03-067. Llac 1 - Besòs - Eix Mª Cristina","Llac 1 - Besòs - Eix Mª Cristina","429037.391757614","4580396.800593480","41.371959859","2.151442553"
"03-068","03-068. Llac 2 - Besòs - Eix Mª Cristina","Llac 2 - Besòs - Eix Mª Cristina","429033.801809181","4580404.320632360","41.372027273","2.151398749"
"03-069","03-069. Llac 3 - Besòs - Eix Mª Cristina","Llac 3 - Besòs - Eix Mª Cristina","429029.321866363","4580412.760679420","41.372102895","2.151344197"
"03-070","03-070. Llac 4 - Besòs - Eix Mª Cristina","Llac 4 - Besòs - Eix Mª Cristina","429021.781987771","4580430.280763730","41.372260027","2.151251994"
"03-071","03-071. Llac 5 - Besòs - Eix Mª Cristina","Llac 5 - Besòs - Eix Mª Cristina","429016.932045524","4580438.870813830","41.372336967","2.151193000"
"03-072","03-072. Llac 6 - Besòs - Eix Mª Cristina","Llac 6 - Besòs - Eix Mª Cristina","429012.772100390","4580446.940857890","41.372409284","2.151142316"
"03-073","03-073. Llac 7 - Besòs - Eix Mª Cristina","Llac 7 - Besòs - Eix Mª Cristina","429008.752157217","4580455.240901240","41.372483686","2.151093279"
"03-074","03-074. Llac 8 - Besòs - Eix Mª Cristina","Llac 8 - Besòs - Eix Mª Cristina","429004.652215820","4580463.790945580","41.372560331","2.151043256"
"03-075","03-075. Llac 9 - Besòs - Eix Mª Cristina","Llac 9 - Besòs - Eix Mª Cristina","429000.492267953","4580471.500989070","41.372629406","2.150992614"
"03-076","03-076. Llac 10 - Besòs - Eix Mª Cristina","Llac 10 - Besòs - Eix Mª Cristina","428996.422330246","4580480.531033930","41.372710378","2.150942894"
"03-077","03-077. Llac 11 - Besòs - Eix Mª Cristina","Llac 11 - Besòs - Eix Mª Cristina","428992.022383376","4580488.421079530","41.372781052","2.150889361"
"03-078","03-078. Llac 12 - Besòs - Eix Mª Cristina","Llac 12 - Besòs - Eix Mª Cristina","428975.492607262","4580521.261255770","41.373075374","2.150687872"
"03-079","03-079. Llac 13 - Besòs - Eix Mª Cristina","Llac 13 - Besòs - Eix Mª Cristina","428971.912664311","4580529.501295680","41.373149273","2.150644102"
"03-080","03-080. Llac 14 - Besòs - Eix Mª Cristina","Llac 14 - Besòs - Eix Mª Cristina","428967.542721739","4580537.951341920","41.373224994","2.150590861"
"03-081","03-081. Llac 15 - Besòs - Eix Mª Cristina","Llac 15 - Besòs - Eix Mª Cristina","428963.182781233","4580546.671388490","41.373303148","2.150537709"
"03-082","03-082. Llac 16 - Besòs - Eix Mª Cristina","Llac 16 - Besòs - Eix Mª Cristina","428959.442834012","4580554.381428800","41.373372260","2.150492087"
"03-083","03-083. Llac 17 - Besòs - Eix Mª Cristina","Llac 17 - Besòs - Eix Mª Cristina","428954.952892091","4580562.941476120","41.373448961","2.150437399"
"03-084","03-084. Llac 18 - Besòs - Eix Mª Cristina","Llac 18 - Besòs - Eix Mª Cristina","428950.412959659","4580572.761525750","41.373537006","2.150381965"
"03-085","03-085. Llac 19 - Besòs - Eix Mª Cristina","Llac 19 - Besòs - Eix Mª Cristina","428946.773005608","4580579.551563880","41.373597840","2.150337647"
"03-086","03-086. Llac 20 - Besòs - Eix Mª Cristina","Llac 20 - Besòs - Eix Mª Cristina","428942.713063210","4580587.961607700","41.373673228","2.150288117"
"03-087","03-087. Llac 21 - Besòs - Eix Mª Cristina","Llac 21 - Besòs - Eix Mª Cristina","428938.363120972","4580596.451653840","41.373749311","2.150235110"
"03-088","03-088. Llac 22 - Besòs - Eix Mª Cristina","Llac 22 - Besòs - Eix Mª Cristina","428934.553178124","4580604.751695590","41.373823730","2.150188582"
"03-089","03-089. Passeig de les Cascades Llobregat","Passeig de les Cascades Llobregat","429014.159120933","4580054.150241670","41.368871672","2.151204887"
"03-090","03-090. Llançament - Jocs Olímpics de 1992","Llançament - Commemoració dels Jocs Olímpics de 1992","429014.337647520","4579859.979940530","41.367122860","2.151229751"
"03-091","03-091. Font de la Plaça de l'Armada","Font de la Plaça de l'Armada","430751.292983900","4580210.627291160","41.370432339","2.171956245"
"03-092","03-092. Font del Carrer del Foc - Besòs","Font del Carrer del Foc - Besòs","427624.644318513","4578384.178211050","41.353707092","2.134791167"
"03-093","03-093. Font del Carrer del Foc - Llobregat","Font del Carrer del Foc - Llobregat","427587.074121525","4578365.808467860","41.353538265","2.134344277"
"03-094","03-094. Passeig de les Cascades - Besòs","Passeig de les Cascades - Besòs","429310.100691218","4580201.108218950","41.370221320","2.154726030"
"03-095","03-095. Llac dels Jardins dels Drets Humans","Llac dels Jardins dels Drets Humans","427837.030684534","4579180.747836120","41.360900578","2.137235113"
"03-096","03-096. Estany Circular de la Plaça Europa","Estany Circular de la Plaça Europa - Anella Olímpica","428828.515454641","4579608.630964260","41.364842635","2.149037622"
"03-097","03-097. Estany Lineal Inferior - Anella Olímpica","Estany Lineal Inferior - Anella Olímpica","428958.455624804","4579604.749970760","41.364819158","2.150591543"
"03-098","03-098. Estany Lineal Superior - Anella Olímpica","Estany Lineal Superior - Anella Olímpica","429128.405849363","4579599.948671810","41.364790893","2.152623901"
"03-099","03-099. Cascada I - Anella Olímpica","Cascada I - Anella Olímpica","429216.536047120","4579608.178014800","41.364872766","2.153676559"
"03-100","03-100. Cascada II - Anella Olímpica","Cascada II - Anella Olímpica","429043.865647158","4579590.409299520","41.364697528","2.151614318"
"03-101","03-101. Cascada III - Anella Olímpica","Cascada III - Anella Olímpica","428885.185817072","4579644.920589710","41.365174492","2.149710874"
"03-102","03-102. Estany de les Cascades del Palauet Albéniz","Estany de les Cascades del Palauet Albéniz - Jardins de Joan Maragall","429386.698261449","4579865.517119130","41.367205482","2.155680930"
"03-103","03-103. Dones a la Cascada - Palauet Albéniz","Dones a la Cascada - Palauet Albéniz - Jardins de Joan Maragall","429340.127784563","4579812.107390610","41.366720351","2.155130371"
"03-104","03-104. Estany Magnoliers - Palauet Albéniz","Estany Magnoliers - Palauet Albéniz - Jardins de Joan Maragall","429285.598029029","4579855.347871780","41.367105016","2.154473392"
"03-105","03-105. Nu a l'Estany - Palauet Albéniz","Nu a l'Estany - Palauet Albéniz - Jardins de Joan Maragall","429399.347866596","4579810.936938750","41.366715005","2.155838519"
"03-106","03-106. Font del Teatre - Palauet Albéniz","Font del Teatre - Palauet Albéniz - Jardins de Joan Maragall","429329.958519462","4579910.987620530","41.367610041","2.154997268"
"03-107","03-107. Tritó Llobregat - Palauet Albéniz","Tritó Llobregat - Palauet Albéniz - Jardins de Joan Maragall","429451.198539754","4579889.136665390","41.367423871","2.156449328"
"03-108","03-108. Tritó Besòs - Palauet Albéniz","Tritó Besòs - Palauet Albéniz - Jardins de Joan Maragall","429401.378776607","4579930.417107720","41.367791303","2.155848890"
"03-109","03-109. Llac del Parc del Mirador del Poble Sec","Llac del Parc del Mirador del Poble Sec","430727.244176561","4580372.597722780","41.371889091","2.171650203"
"03-110","03-110. Canal del Temple - Jardins del Teatre Grec","Canal del Temple - Jardins del Teatre Grec","429671.210953431","4580162.595414940","41.369906081","2.159048023"
"03-111","03-111. Estany dels Jardins d'Aclimatació","Estany dels Jardins d'Aclimatació","429131.446709140","4579712.628822860","41.365806035","2.152647088"
"03-112","03-112. Estany del Parc de la Font Florida","Estany del Parc de la Font Florida","428152.465686237","4579776.166361620","41.366291517","2.140935447"
"03-113","03-113. Cascades - Jardins Mossèn Cinto Verdaguer","Cascades - Jardins Mossèn Cinto Verdaguer (29 vasos)","430102.209271293","4579853.941663800","41.367163673","2.164236709"
"03-114","Font Escales de Can Mantega","Jardins de Can Mantega (Joan Güell amb Hongria)","427486.835893745","4581256.503707510","41.379564669","2.132800470"
"03-115","03-115 Font del Carrer Foc - Linial","Foc","427975.676299414","4578574.325840120","41.355451157","2.138964543"
"03-116","03-116 Font del Carrer Foc - Cargol","Foc","428135.587244739","4578666.604768700","41.356296569","2.140865108"
"03-117","Font Ornamental Cobriment de Sants","Placeta Ramon Torres Casanova","427689.182581364","4580778.931432820","41.375281568","2.135277087"
"04-001","04-001. Canal del Jardí de Les Corts - Euclidiana","Canal del Jardí de Les Corts - Euclidiana","427821.822027760","4581996.222296110","41.386257148","2.136718086"
"04-002","04-002. Font dels Jardins de Ferran Soldevila","Font dels Jardins de Ferran Soldevila","427434.473643209","4582287.825690150","41.388848654","2.132050812"
"04-003","04-003. Font de Citerea - Jard de Clara Campoamor","Font de Citerea - Jardins de Clara Campoamor","427206.812780784","4582220.667319350","41.388223216","2.129336154"
"04-005","04-005. Av. de Xile - Manuel Azaña","Av. de Xile - Manuel Azaña","425685.511219616","4581007.847025160","41.377160777","2.111291011"
"04-006","04-006. PALAU DE PEDRALBES (EXTERIOR DRETA)","Exterior Besòs - Palau de Pedralbes","426266.659744644","4582012.634153270","41.386263923","2.118117773"
"04-007","04-007. PALAU DE PEDRALBES (EXTERIOR ESQUERRA)","Exterior Llobregat - Palau de Pedralbes","426327.769990526","4582032.543718900","41.386448839","2.118846174"
"04-008","04-008. PALAU DE PEDRALBES (CASCADA)","Estany del Palau de Pedralbes - Mediterrània","426278.360189909","4582068.904150770","41.386771795","2.118250853"
"04-009","04-009. PALAU DE PEDRALBES  (OCTOGONAL DRETA)","Octogonal Besòs - Palau de Pedralbes","426287.560692496","4582133.234179660","41.387352030","2.118353055"
"04-010","04-010. PALAU DE PEDRALBES (OCTOGONAL ESQUERRA)","Octogonal Llobregat - Palau de Pedralbes","426216.310290960","4582094.894662880","41.387000191","2.117505623"
"04-011","04-011. Octogonal Merlets - Palau de Pedralbes","Octogonal Merlets - Palau de Pedralbes","426248.921131829","4582199.004574760","41.387940854","2.117882948"
"04-012","04-012. PALAU DE PEDRALBES (ESTANY DAVANT PALAU)","Estany dels Geranis - Palau de Pedralbes","426199.061203724","4582218.664984390","41.388113353","2.117284259"
"04-013","04-013. ECONOMIQUES","Diagonal - Zona Universitària","425768.477657681","4581839.477677440","41.384658564","2.112181203"
"04-014","04-014. PG. DELS TIL.LERS","Font dels Jardins de William Shakespeare","426289.583045681","4582442.794639760","41.390140291","2.118339573"
"04-015","04-015. PALAU DE PEDRALBES (CIRCULAR PAVELLO)","Font del Pavelló - Palau de Pedralbes","426388.370517924","4582089.643345570","41.386968658","2.119563964"
"04-016","04-016. PALAU DE PEDRALBES (ESTANY BARANA)","Estany de la barana - Palau de Pedralbes","426174.240164907","4582086.884970690","41.386924191","2.117003474"
"04-017","04-017. Font dels Jardins dels Doctors Dolsa","Font dels Jardins dels Doctors Dolsa","427180.066596175","4581411.506279430","41.380933011","2.129113535"
"04-018","04-018. Coberta de Carles III","Coberta de Carles III","427034.259767439","4581858.978076840","41.384949997","2.127316076"
"04-019","04-019. Busseig - Commemoració dels Jocs Olímpics","Busseig - Commemoració dels Jocs Olímpics de 1992","425583.700922630","4580989.497771240","41.376986104","2.110075880"
"04-020","04-020. FONT DELS TARONGERS","Font dels Tarongers - Palau de Pedralbes","426139.271414223","4582258.615500760","41.388467682","2.116564338"
"04-021","04-021. PALAU DE PEDRALBES - LLAC COSTAT LLOBREGAT","Llac del Palau de Pedralbes (Font Naturalitzada)","426175.250570902","4582140.165044920","41.387404154","2.117009064"
"05-001","05-001. Ofèlia ofegada - Canal de Vil·la Cecília","Ofèlia ofegada - Canal dels Jardins de la Vil·la Cecília","426585.655989110","4582769.932888170","41.393113761","2.121840890"
"05-002","05-002. Font dels Jardins del Dr Roig i Raventós","Font dels Jardins del Doctor Roig i Raventós","427311.415818882","4583915.519113210","41.403497491","2.130383703"
"05-003","05-003. Escultura infinita","Escultura infinita","427536.244371770","4583679.217041790","41.401389515","2.133101450"
"05-004","05-004. Circular de les magnòlies - Turó Parc","Circular de les magnòlies - Turó Parc","428182.890033240","4582976.521048720","41.395118634","2.140919914"
"05-005","05-005. Biga de la Font de l'Aurora - Turó Parc","Biga de la Font de l'Aurora - Turó Parc","428137.930301612","4583020.991458720","41.395515145","2.140376884"
"05-006","05-006. Monument a Pau Casals","Monument a Pau Casals","428259.009301717","4582864.760298900","41.394118843","2.141843599"
"05-007","05-007. J. V. FOIX","Avinguda Foix - Pedró de la Creu","426411.399651934","4583287.825007180","41.397762258","2.119693791"
"05-008","05-008. Bassa del Jardí Terapèutic Vil·la Florida","Bassa del Jardí Terapèutic de Vil·la Florida","427729.298086041","4584128.456255650","41.405452999","2.135357102"
"05-009","05-009. Estany circular Jardins de Can Sentmenat","Estany circular dels Jardins de Can Sentmenat","426011.303234102","4583841.288898840","41.402710335","2.114840530"
"05-010","05-010. Estany menorquí de la Plaça Francesc Macià","Estany menorquí de la Plaça Francesc Macià","428486.458468915","4582708.888330240","41.392735222","2.144582431"
"05-011","05-011. Bassa Petita - Turó Parc","Bassa Petita - Turó Parc","428208.039858612","4582948.420814450","41.394867792","2.141224057"
"05-012","05-012. Estany dels Nenúfars - Turó Parc","Estany dels Nenúfars - Turó Parc","428130.249249208","4582884.061308150","41.394281183","2.140301264"
"05-013","05-013. Estany dels Lleons - La Tamarita","Estany dels Lleons - Jardins de La Tamarita","427801.632315928","4584669.996526900","41.410336921","2.136157804"
"05-014","05-014. Lateral Entrada Llobregat - La Tamarita","Lateral Entrada Llobregat - Jardins de La Tamarita","427799.822213040","4584656.836520730","41.410218231","2.136137719"
"05-015","05-015. Lateral Entrada Bessòs - La Tamarita","Lateral Entrada Bessòs - Jardins de La Tamarita","427812.492277732","4584662.756433230","41.410272688","2.136288591"
"05-016","05-016. Copa del Jard de les Gardènies - Tamarita","Doble Copa del Jardí de les Gardènies - Jardins de La Tamarita","427772.132163506","4584655.976730280","41.410208000","2.135806551"
"05-017","05-017. Font de terracota - Jardins de La Tamarita","Font de terracota - Jardins de La Tamarita","427699.952547538","4584721.217378830","41.410789105","2.134935234"
"05-018","05-018. Font de les Granotes - Jard de la Tamarita","Font de les Granotes - Jardins de la Tamarita","427750.602022852","4584641.876872850","41.410079074","2.135550658"
"05-019","05-019. Cascada clàssica - Jardins de La Tamarita","Cascada clàssica - Jardins de La Tamarita","427693.142603730","4584729.997444000","41.410867570","2.134852713"
"05-020","05-020. Estany de la Dríade - Vil·la Amèlia","Estany de la Dríade - Jardins de la Vil·la Amèlia","426652.055761700","4582726.422316160","41.392727938","2.122640323"
"05-021","05-021. Estany dels Jardins de Piscines i Esports","Estany dels Jardins de Piscines i Esports","427789.187312683","4582698.643620110","41.392580649","2.136244067"
"05-022","05-022. JARDINS PASSATGE MALUQUER","Font dels Jardins del Passatge de Maluquer","427811.741512165","4584562.236286520","41.409367278","2.136291601"
"05-023","05-023. Font de la Lliçó","Font de la Lliçó","428036.124974723","4583656.593202230","41.401230648","2.139083662"
"05-024","05-024. Font dels Cignes - Jardins de La Tamarita","Font dels Cignes - Jardins de La Tamarita","427722.462368124","4584693.027164680","41.410537232","2.135207900"
"05-025","Cascada Jardins Muñoz i Ramonet","Carrer Muntaner 282-290 - Jardins Muñoz i Ramonet","428696.081866488","4583113.307352130","41.396396282","2.147041980"
"05-026","Làmina Jardins Muñoz i Ramonet","Carrer Muntaner 282-290 - Jardins Muñoz i Ramonet","428734.711937908","4583114.847060520","41.396413574","2.147503854"
"06-001","06-001. Sortidor de l'Aurora - Jardins de Salvador","Sortidor de l'Aurora - Jardins de Salvador Espriu","429616.634323573","4583249.470554680","41.397703753","2.158036918"
"06-002","06-002. Font a les Colles de Sant Medir","Font a les Colles de Sant Medir","429121.500908170","4584215.895789840","41.406364487","2.152001336"
"06-006","06-006. Estany Superior de la Creueta del Coll","Estany Superior de la Creueta del Coll","428615.250169616","4585538.011671040","41.418227445","2.145789148"
"06-007","06-007. FONT DE SANT SALVADOR","Font de Sant Salvador","428969.068643281","4585263.778537520","41.415788894","2.150054798"
"06-008","06-008. Piscines de la Creueta del Coll","Piscines de la Creueta del Coll","428687.260588884","4585578.661187870","41.418599953","2.146645962"
"06-009","06-009. Font d'Hèrcules","Font d'Hèrcules","430318.538855817","4583702.935904830","41.401849091","2.166380423"
"06-010","06-010. Font de la Plaça de Narcís Oller","Font de la Plaça de Narcís Oller","429406.143584732","4583195.032073510","41.397194994","2.155525526"
"06-011","06-011. Xip-Xap - Jocs Olímpics de 1992","Xip-Xap - Commemoració dels Jocs Olímpics de 1992","427877.476957860","4585264.906851540","41.415701830","2.136994257"
"06-012","06-012. Cascada de la Plaça de Lesseps","Cascada de la Plaça de Lesseps","428916.311284951","4584307.187490160","41.407168597","2.149535960"
"06-013","06-013. Guèiser Circular de la Plaça de Lesseps","Guèiser Circular de la Plaça de Lesseps","428995.691130363","4584270.706830600","41.406847046","2.150489861"
"06-014","06-014. PASSEIG SANT JOAN - MARIA CLARET MUNTANYA","Pg Sant Joan - St Antoni Maria Claret Muntanya","430121.800049355","4583899.777697440","41.403604900","2.164004296"
"06-015","06-015. PASSEIG SANT JOAN - MARIA CLARET MAR","Pg Sant Joan - St Antoni Maria Claret Mar","430144.399911540","4583877.077491070","41.403402411","2.164277265"
"06-016","06-016. Font del Drac - Parc Güell","Font del Drac - Parc Güell","429198.337224846","4585030.526437040","41.413708318","2.152825201"
"07-002","07-002. Font del Parc del Guinardó","Font del Parc del Guinardó","430570.374133200","4585661.856999550","41.419514186","2.169168125"
"07-003","07-003. Bassa del Parc de les Aigües","Bassa del Parc de les Aigües","430161.768695411","4585027.819097560","41.413768233","2.164352234"
"07-004","07-004. Font Castellana (2 vasos)","Font Castellana (2 vasos)","430328.079947561","4585158.518031380","41.414959826","2.166326973"
"07-005","07-005. Làmina dels Jardins del Príncep de Girona","Làmina dels Jardins del Príncep de Girona","430535.895626434","4584548.585538840","41.409484372","2.168883406"
"07-006","07-006. Font del Roure","Font del Roure","427263.526919165","4586706.813827140","41.428633080","2.129475217"
"07-007","07-007. Font de la Plaça de Meguidó","Font de la Plaça de Meguidó","427823.975858859","4586451.839154880","41.426387194","2.136212488"
"07-008","07-008. Cabriola - Jocs Olímpics de 1992","Cabriola - Commemoració dels Jocs Olímpics de 1992","428611.399024469","4586708.633570440","41.428770393","2.145604870"
"07-009","07-009. Ritme i Projecció - Font de Pla de Montbau","Ritme i Projecció - Font de Pla de Montbau","428395.930527281","4586951.195596590","41.430935862","2.142997638"
"07-010","07-010. Font del Pati d'Accés - Parc del Laberint","Font del Pati d'Accés - Parc del Laberint","428718.497854950","4587852.654574290","41.439083595","2.146751589"
"07-011","07-011. Jardí dels Boixos - Muntanya - P Laberint","Font del Jardí dels Boixos - Muntanya - Parc del Laberint","428717.998131840","4587889.304636220","41.439413641","2.146741284"
"07-012","07-012. Jardí dels Boixos - Mar - Parc Laberint","Font del Jardí dels Boixos - Mar - Parc del Laberint","428709.018159155","4587894.744713171","41.439461840","2.146633162"
"07-013","07-013. Cascada Camèlies - Jardí Domèstic - P Lab","Cascada Camèlies - Jardí Domèstic - Parc del Laberint","428711.878407614","4587926.954742480","41.439752195","2.146663595"
"07-014","07-014. Aparcament Besòs - Parc del Laberint","Zona Aparcament Besòs - Parc del Laberint","428749.197734886","4587830.534305640","41.438887092","2.147121640"
"07-015","07-015. Aparcament Llobregat - Parc del Laberint","Zona Aparcament Llobregat - Parc del Laberint","428740.267654624","4587821.764359670","41.438807313","2.147015791"
"07-016","07-016. Font Heràldica - Parc del Laberint","Font Heràldica - Parc del Laberint","428691.517627954","4587828.204740780","41.438860990","2.146431552"
"07-017","07-017. Font del Tennis - Parc del Laberint","Font del Tennis - Parc del Laberint","428640.438023072","4587890.795228650","41.439420177","2.145812798"
"07-018","07-018. Estany del Faune - Parc del Laberint","Estany del Faune - Parc del Laberint","428683.408423022","4587934.804971520","41.439820370","2.146321912"
"07-019","07-019. Font de la Bèstia - Parc del Laberint","Font de la Bèstia - Parc del Laberint","428657.039005000","4588017.005302430","41.440558369","2.145996591"
"07-020","07-020. Font Vegetal - Parc del Laberint","Font Vegetal - Parc del Laberint","428626.358741725","4587988.525490700","41.440299137","2.145632740"
"07-021","07-021. Gruta d'Eco i Narcís - Parc del Laberint","Gruta d'Eco i Narcís - Parc del Laberint","428620.508774872","4587994.095544030","41.440348784","2.145562063"
"07-022","07-022. Templet de Dànae - Llobregat - P Laberint","Templet de Dànae - Llobregat - Parc del Laberint","428602.378729077","4587991.755678251","41.440326098","2.145345340"
"07-023","07-023. Templet d'Ariadna - Besòs - Parc Laberint","Templet d'Ariadna - Besòs - Parc del Laberint","428617.668907993","4588012.245594400","41.440512001","2.145525928"
"07-024","07-024. Font Ovalada - Canal Romàntic - P Laberint","Font Ovalada sota el Canal Romàntic - Parc del Laberint","428604.268847699","4588007.025688070","41.440463796","2.145366158"
"07-025","07-025. Font Rectangular - Canal Romàntic - P Lab","Font Rectangular sobre el Canal Romàntic - Parc del Laberint","428594.488912495","4588017.575779190","41.440557946","2.145247854"
"07-026","07-026. Estany dels Dofins - Parc del Laberint","Estany dels Dofins - Parc del Laberint","428559.479017562","4588038.596078850","41.440744152","2.144826331"
"07-027","07-027. Nimfa Egèria - Parc del Laberint (2 Vasos)","Font de la Nimfa Egèria - Parc del Laberint (2 vasos)","428539.499094451","4588052.826253390","41.440870539","2.144585506"
"07-028","07-028. Estany Forestal - Parc del Laberint","Estany Forestal - Parc del Laberint","428562.419680263","4588125.456194080","41.441526723","2.144851258"
"07-029","07-029. Estany d'Enees - Parc del Laberint","Estany d'Enees - Parc del Laberint","428507.318639791","4587999.396413560","41.440386456","2.144206655"
"07-030","07-030. Gran Cascada i Bassa de Recollida - P Lab","Gran Cascada i Bassa de Recollida - Parc del Laberint","428448.698467040","4587988.576842380","41.440283788","2.143506306"
"07-031","07-031. Font Romàntica - Parc del Laberint","Font Romàntica - Parc del Laberint","428531.958229855","4587940.256132370","41.439856000","2.144508563"
"07-032","07-032. Estany Inferior del Jardí Romàntic - P Lab","Estany Inferior del Jardí Romàntic - Parc del Laberint","428567.688023786","4587905.755805850","41.439548451","2.144940292"
"07-033","07-033. Estany Superior del Jardí Romàntic - P Lab","Estany Superior del Jardí Romàntic - Parc del Laberint","428511.578051616","4587920.896256740","41.439679820","2.144266924"
"07-035","07-035. Canal Romàntic - Parc del Laberint","Canal Romàntic - Parc del Laberint","428579.948802777","4588006.065871570","41.440452989","2.145075183"
"07-036","07-036. Bassa de les Bombes - Parc del Laberint","Bassa de les Bombes - Parc del Laberint","428655.017578194","4587829.095019880","41.438865766","2.145994585"
"07-037","07-037. Font de Torre Jussana","Font de Torre Jussana","429102.150473485","4586799.629980600","41.429633424","2.151467003"
"07-039","07-039. Canal del Jardí Romàntic - Parc Laberint","Canal del Jardí Romàntic - Parc del Laberint","428621.117740950","4587857.505322850","41.439118632","2.145585488"
"07-040","07-040. Font de les Rieres d'Horta","Parc de les Rieres d'Horta","429479.081987790","4586922.607308300","41.430774212","2.155963448"
"07-041","Font de la Plaça Isop","Plaça d'Isop nº5","428610.894609328","4586125.532643930","41.423518610","2.145667682"
"07-043","","","430184.260376258","4586565.761372620","41.427621848","2.164443791"
"07-044","07-044. Mas Ravetllat - Bassa 1","Mas Ravetllat","430624.590979302","4585233.905902510","41.415664469","2.169865930"
"07-045","07-045. Mas Ravetllat - Bassa 2","Mas Ravetllat","430661.120943607","4585221.725606570","41.415557918","2.170304393"
"07-046","07-046. Mas Ravetllat - Bassa 3","Mas Ravetllat","430710.340717760","4585182.055174200","41.415204866","2.170897832"
"07-047","07-047. Mas Ravetllat - Bassa 4","Mas Ravetllat","430725.840743845","4585182.335057340","41.415208723","2.171083251"
"07-048","Font Octogonal","Mas Ravetllat","430703.591385666","4585271.485365150","41.416009750","2.170806835"
"07-049","Font de la Bancada","Mas Ravetllat","430689.741236868","4585254.645442900","41.415856884","2.170643052"
"07-050","Font del Templet","Mas Ravetllat","430646.711440605","4585290.365825820","41.416174892","2.170124120"
"08-002","Homenatge a la Mediterrània - Plaça Sóller","Plaça de Sóller","431184.747098880","4587248.974884550","41.433861633","2.176338661"
"08-004","Llac del Parc de la Guineueta","Rambla del Caçador, 48 - Parc de la Guineueta","430930.361958839","4587942.597913150","41.440086990","2.173214906"
"08-006","Font circular de la Plaça de Karl Marx","Plaça de Karl Marx - Via Favència","430060.511385538","4588044.894670820","41.440933036","2.162791742"
"08-007","Font de la Plaça Roja","Plaça Roja de la Ciutat Meridiana - Av dels Rasos de Peguera","431444.090940864","4590341.087807530","41.461733269","2.179091494"
"08-008","Llac del Parc Tecnològic BCNord - Fòrum N","Marie Curie, 8","430545.488268209","4587534.200178661","41.436375514","2.168655255"
"08-009","Triangular 1 del Fòrum Nord - Costat Mar","Doctor Pi i Molist - Pg del Verdum","430824.188037656","4587446.687929070","41.435611382","2.172000870"
"08-010","Triangular 2 del Fòrum Nord - Costat Besòs","Doctor Pi i Molist s/n","430796.988758043","4587547.368295170","41.436515827","2.171663812"
"08-011","Triangular 3 del Fòrum Nord - Costat Llobr","Albert Einstein, s/n","430672.158345716","4587518.489194480","41.436244957","2.170173098"
"08-012","Font de la Plaça del Virrei Amat","Plaça del Virrei Amat (Pg de Fabra i Puig - Av de Borbó)","431055.573377425","4586783.975121700","41.429662475","2.174845752"
"08-013","Font de la Harry Walker","Plaça de Harry Walker (Pg de Valldaura - Av de Rio de Janeiro)","431597.042531908","4587881.832768160","41.439596773","2.181201373"
"08-014","Font de la Plaça Verda de la Prosperitat","Av Rio de Janeiro, 109","431801.694649898","4588119.481595070","41.441754597","2.183624040"
"08-015","Homenatge a Manuel de Falla","Parc de Josep M. Serra Martí","430289.702628876","4588162.343114210","41.442010778","2.165521436"
"08-016","Estanys de la Plaça Francesc Layret","Plaça Francesc Layret","431287.334400710","4588191.795604930","41.442362046","2.177459211"
"08-017","La Flama","Costa i Cuxart - Cartellà","430932.541455351","4586555.265688060","41.427592005","2.173399534"
"08-018","Font del carrer de Juan Ramón Jiménez","Juan Ramón Jiménez (Canyelles)","430057.492593497","4588204.964947920","41.442374459","2.162737078"
"08-019","La Font Mutant","Plaça Àngel Pestaña","431469.923666210","4588057.514009330","41.441168229","2.179659955"
"08-020","Font Sidney del Parc Central de Nou Barris","Pg de Fabra i Puig, 425 - Amb passeig Urrutia, costat muntanya","430149.078273069","4587615.923315190","41.437077177","2.163901411"
"08-021","Font Triangular del P Cent. de Nou Barris","Pg de Fabra i Puig, 426 - Amb passeig Urrutia, costat mar","430248.098019362","4587562.242476520","41.436602303","2.165092729"
"08-022","Font de la Plaça de César Vallejo","Pg Urrutia, 93","430506.387400388","4587427.620305120","41.435412209","2.168199535"
"08-023","Làmina de Via Favència - Plaça Karl Marx","Via Favència - Plaça de Karl Marx (sobre el Túnel d'Almansa)","430133.091236429","4588010.424064030","41.440628893","2.163664454"
"08-024","Font de pared de Can Verdaguer","Carrer de Piferrer, 94","431412.047781905","4587292.683233210","41.434274742","2.179054032"
"08-025","Font circular de Can Verdaguer","Carrer de Piferrer, 94","431408.107817847","4587298.233271860","41.434324393","2.179006249"
"09-001","Llac del Parc de la Pegaso","Parc Pegaso","432230.543036915","4586499.185774630","41.427197469","2.188938815"
"09-004","Llac del Parc de la Trinitat","Parc de la Trinitat - Al costat del Metro de Trinitat Vella","432780.251749915","4588856.095348090","41.448471544","2.195254883"
"09-006","Font de la Plaça de Masadas","Plaça de Masadas","432329.281141389","4586228.784596390","41.424770379","2.190150658"
"09-007","Font Cibernètica de Can Fabra","Plaça de Can Fabra - Davant la biblioteca d'Ignasi Iglésias","432472.099235821","4587268.215169470","41.434144201","2.191743560"
"09-008","Guèiser de la Plaça Islàndia","Plaça Islàndia","432192.434527691","4585383.124280490","41.417142254","2.188607920"
"09-009","Font de la Plaça de l'Assemblea de Cat","Plaça Assemblea de Catalunya","432172.340972583","4586238.465799400","41.424844339","2.188271572"
"09-010","Llac del Parc de La Maquinista","Parc de La Maquinista - Pg de l'Havana, 8","432800.491788438","4587538.113111710","41.436602628","2.195643779"
"09-011","Cascada dels Jardins de la Casa Bloc","Jardins de la Casa Bloc - Torras i Bages, 100","432344.814964180","4588050.017372410","41.441174908","2.190132679"
"09-012","Font petita dels Jardins de la Casa Bloc","Jardins de la Casa Bloc - Eiximenis, 19","432298.725014229","4588066.027746740","41.441315223","2.189579218"
"09-013","Estany dels Jardins de Can Fabra","Pl de Can Fabra - Doctor Balari i Jovany","432434.249879036","4587360.815602970","41.434975038","2.191280223"
"09-014","Llac dels Jardins del Reg","Plaça Estació - Davant l'estació de trens de Sant Andreu Comtal","432588.380748103","4587444.074568300","41.435737877","2.193115610"
"09-015","Font de la Plaça del Congrés Eucarístic","Plaça del Congrés Eucarístic - Felip II, 192","431532.230596256","4586319.300772490","41.425518091","2.180602637"
"09-016","Font seca a Baró de Viver","Centre Cívic Baró de Viver","433238.280561632","4588606.011485150","41.446257351","2.200765468"
"09-017","Font del Parc d'Antoni Santiburcio","Interior del Parc d'Antoni Santiburcio","432305.246804696","4588300.888068900","41.443431075","2.189630962"
"10-003","Làmina del Parc de Sant Martí","Plaça d'Ignasi Juliol - Fondal de Sant Martí, 30","432937.458755647","4585789.999294820","41.420869375","2.197476997"
"10-004","Font de la Plaça d'Espronceda","Plaça d'Espronceda","432928.930013079","4584639.917568460","41.410510221","2.197502458"
"10-005","Font dels Ponts - Parc del Clot","Parc del Clot - Escultors Claperós, 63","432296.897362775","4584419.502016570","41.408472016","2.189965644"
"10-006","Font del Cobi - Parc del Port Olímpic","Parc del Port Olímpic","433004.152188128","4582280.563404000","41.389266432","2.198663486"
"10-009","Llac de la Nova Icària","Parc de la Nova Icària - amb Jaume Vicens i Vives","433342.535256195","4582615.701355250","41.392313050","2.202673622"
"10-011","Canal 1 del Parc de Carles I","Parc de Carles I - Cruïlla Nord Icària / Marina / Moscou","432583.472543507","4582412.626791410","41.390420743","2.193617520"
"10-013","Làmina Nord de Rambla Prim","Rambla de Prim, 194 - entre Concili de Trento i Guipúscoa","433611.410469306","4585879.354338970","41.421730140","2.205531475"
"10-014","Làmina Sud de Rambla Prim","Rambla de Prim, 142 - entre Marroc i Cristóbal de Moura","434177.726932767","4585297.629127860","41.416537295","2.212371243"
"10-015","Ritus de Primavera - Parc del Clot","Parc del Clot - Tocant al carrer del Municipi","432334.888037984","4584500.551851920","41.409205206","2.190411077"
"10-017","Canal 3 del Parc de Carles I","Parc de Carles I - Cruïlla Sud Icària / Marina / Moscou","432558.499346263","4581996.976344060","41.386674996","2.193365115"
"10-018","Font de la Plaça dels Voluntaris","Plaça dels Voluntaris","432793.660620346","4582116.934747130","41.387775112","2.196164190"
"10-019","Canal 2 del Parc de Carles I","Parc de Carles I - Cruïlla Moscou / Ramon Trias Fargas","432625.440791466","4582173.576107710","41.388271193","2.194146052"
"10-025","Piràmide Besòs del Parc de Sant Martí","Parc de Sant Martí - Huelva / Agricultura","432958.848056204","4585693.288978620","41.420000120","2.197743654"
"10-026","Piràmide Llobregat del Parc de Sant Martí","Parc de Sant Martí - Huelva / Treball","432950.377980921","4585685.069029570","41.419925379","2.197643217"
"10-027","Quadrada Besòs del Parc de Sant Martí","Parc de Sant Martí - Menorca / Agricultura","433047.417898759","4585654.498246680","41.419658129","2.198807731"
"10-028","Quadrada Llobregat del Parc de Sant Martí","Parc de Sant Martí - Menorca / Treball","432987.157360845","4585595.708608640","41.419123605","2.198093201"
"10-029","Font sobre el Llac - Parc de Diagonal Mar","Parc de Diagonal Mar - Al costat Besòs del Llac","434266.520526548","4584437.227141620","41.408795145","2.213527129"
"10-030","Font del Costat Mar - Parc de Diagonal Mar","Parc de Diagonal Mar - Garcia Faria / Josep Pla","434542.289561087","4584254.674777740","41.407173446","2.216846037"
"10-031","Font Quadrada del Passeig Taulat - Dg Mar","Parc de Diagonal Mar - Passeig Taulat, 283","434440.499851192","4584313.345637060","41.407693584","2.215621950"
"10-032","Llac del Parc de Diagonal Mar","Parc de Diagonal Mar - Gran llac enmig del Parc","434304.670090195","4584372.166754080","41.408212282","2.213990594"
"10-033","Voga - Commemoració dels Jocs Olímpics 92","Salvador Espriu, 95","433223.794974317","4582602.662234210","41.392185760","2.201254875"
"10-036","Cascada 1 de Gran Via","Gran Via / Espronceda - cantonada Llobregat","432826.520231820","4584689.378418220","41.410947148","2.196271762"
"10-037","Cascada 2 de Gran Via","Gran Via / Espronceda - cantonada Besòs","432891.530808880","4584752.068021350","41.411517206","2.197042585"
"10-038","Cascada 3 de Gran Via","Gran Via / Bac de Roda - cantonada Llobregat","432927.681152058","4584789.857805100","41.411860585","2.197470896"
"10-039","Font Quadrada de Josep Pla - Parc Diag Mar","Josep Pla, 33","434414.700939135","4584461.576057720","41.409026554","2.215297245"
"10-040","Font Quadrada dels Jardins Mercè Plantada","Jardins de Mercè Plantada - costat Besòs","432730.376617058","4582918.746452730","41.394991527","2.195318286"
"10-041","Font Rectangular dels Jard Mercè Plantada","Jardins de Mercè Plantada - costat Llobregat","432669.646294961","4582888.686866580","41.394715706","2.194595239"
"10-042","Làmina del Parc Central del Poblenou","Parc Central del Poblenou","433178.228077600","4584335.105219860","41.407785627","2.200518660"
"10-043","Llac del Parc de Sant Martí","Parc de Sant Martí - darrera el Camp Municipal de Futbol Menorca","432716.367192253","4585628.490709450","41.419396234","2.194849460"
"10-044","Llac Superior del Centre del Disseny de Barcelona","Plaça de les Glòries, 25","432190.022323966","4583778.781852990","41.402692234","2.188758844"
"10-045","Llac Inferior del Centre del Disseny de Barcelona","Plaça de les Glòries, 25","432172.812232628","4583770.261970300","41.402614046","2.188553927"
